frame,id,field_x,field_y,screen_x,screen_y
2,1,46.758,16.709,328.0,111.0
2,2,43.363,19.146,394.0,144.0
2,3,42.059,20.826,450.0,154.0
2,4,30.833,15.556,105.5,299.0
2,5,29.637,18.329,234.5,322.0
2,6,25.839,32.611,1025.5,401.0
2,7,29.585,35.393,1141.0,325.0
2,8,20.293,24.171,479.5,561.0
2,9,20.674,24.935,537.5,550.0
3,1,46.658,16.721,328.0,113.0
3,2,42.684,19.321,398.0,152.0
3,3,41.435,20.953,454.0,162.0
3,4,31.254,15.200,94.0,296.0
3,5,30.777,18.330,249.0,296.0
3,6,26.157,32.547,1024.5,402.0
3,7,29.798,35.192,1132.0,323.0
3,8,20.556,23.789,456.0,558.0
3,9,20.997,24.548,514.0,544.0
3,10,39.295,39.239,1206.0,187.0
3,11,26.111,31.628,971.0,403.0
3,12,17.906,26.857,689.5,662.0
4,1,46.731,16.661,328.0,113.0
4,2,41.972,19.552,406.0,160.0
4,3,40.949,21.119,462.0,168.0
4,4,31.492,14.924,88.0,296.0
4,6,26.820,32.166,992.5,386.0
4,7,29.230,34.800,1126.0,345.0
4,8,20.867,23.404,439.0,552.0
4,9,21.285,24.168,497.0,540.0
4,10,38.507,38.944,1210.0,199.0
4,11,26.170,31.231,951.5,401.0
4,12,18.206,26.570,665.0,658.0
5,1,46.858,16.550,328.0,113.0
5,2,41.458,19.695,411.5,165.0
5,3,40.530,21.204,466.5,174.0
5,4,31.291,14.865,87.0,306.0
5,6,27.086,32.006,1005.5,390.0
5,7,28.950,34.451,1121.0,349.0
5,8,21.234,23.033,427.0,545.0
5,9,21.616,23.788,483.5,534.0
5,10,37.961,38.670,1213.0,206.0
5,11,25.493,30.867,952.0,432.0
5,12,18.456,26.070,630.5,656.0
5,13,36.991,21.013,439.0,215.0
5,14,27.815,17.053,138.0,368.0
8,1,47.657,16.020,328.0,109.0
8,3,37.103,21.949,506.5,227.0
8,4,31.164,14.483,84.0,316.0
8,5,33.237,16.443,208.5,279.0
8,6,29.199,32.921,1089.5,354.0
8,7,30.742,34.239,1134.0,320.0
8,8,22.148,21.986,405.0,540.0
8,9,22.525,22.755,463.0,528.0
8,10,36.364,37.515,1219.5,235.0
8,13,36.086,21.316,471.5,237.0
9,1,47.724,15.772,328.0,113.0
9,3,36.796,22.112,523.0,226.0
9,4,31.556,14.180,83.5,308.0
9,5,33.597,16.167,217.0,278.0
9,6,29.365,33.108,1109.0,364.0
9,7,31.026,34.327,1158.5,328.0
9,8,22.455,21.638,399.0,538.0
9,9,22.830,22.400,456.0,526.0
9,10,36.197,37.446,1240.5,239.0
9,13,36.115,21.419,489.0,238.0
10,1,47.880,15.513,328.0,113.0
10,3,35.560,22.113,523.0,257.0
10,4,32.044,13.824,83.0,304.0
10,5,33.690,16.023,222.5,283.0
10,6,29.142,32.891,1108.0,378.0
10,7,30.948,33.986,1147.0,338.0
10,8,22.732,21.337,399.5,538.0
10,9,23.106,22.073,454.0,526.0
10,10,35.808,37.189,1246.5,251.0
10,12,19.885,24.527,619.0,647.0
10,13,36.225,21.338,492.0,240.0
10,15,40.747,37.692,1208.0,187.0
10,16,30.269,28.421,853.0,345.0
12,1,48.400,14.926,328.0,113.0
12,4,32.971,13.259,92.5,299.0
12,5,33.945,15.823,238.0,286.0
12,6,29.681,32.529,1121.0,369.0
12,8,23.329,20.625,389.5,536.0
12,9,23.704,21.378,447.0,524.0
12,10,34.629,36.622,1271.0,281.0
12,12,20.496,23.823,608.5,644.0
12,13,35.358,21.528,528.0,267.0
12,16,31.295,28.883,910.0,333.0
13,1,48.706,14.610,328.0,113.0
13,3,33.389,22.362,575.0,300.0
13,4,33.054,13.152,100.5,307.0
13,5,34.210,15.656,242.0,284.0
13,6,29.797,32.514,1149.0,375.0
13,7,30.944,32.368,1112.0,351.0
13,8,23.617,20.281,388.5,536.0
13,9,23.991,21.047,446.5,524.0
13,12,20.793,23.470,606.5,644.0
14,1,49.104,14.183,328.0,113.0
14,3,33.140,22.428,609.0,312.0
14,4,32.905,12.996,106.0,322.0
14,5,33.672,15.279,226.5,312.0
14,6,29.699,32.265,1174.0,393.0
14,8,24.101,19.658,378.5,535.0
14,10,34.092,35.921,1297.5,301.0
14,12,21.235,22.831,594.5,645.0
14,14,32.527,15.957,263.0,325.0
14,16,30.646,28.430,937.0,374.0
14,17,31.934,27.878,899.5,345.0
15,1,49.338,13.825,328.0,115.0
15,4,32.877,12.804,108.5,325.0
15,5,33.795,14.883,229.5,305.0
15,8,24.476,19.263,386.5,536.0
15,9,24.795,20.134,444.5,524.0
15,10,34.392,35.607,1296.0,297.0
15,12,21.699,22.608,627.0,639.0
15,13,33.815,22.262,621.0,311.0
15,14,32.725,15.836,267.0,330.0
15,17,31.764,27.678,913.5,349.0
16,1,49.401,13.696,328.0,115.0
16,4,32.846,12.734,108.5,325.0
16,5,33.875,14.715,229.5,305.0
16,8,24.616,19.125,386.5,536.0
16,9,24.964,19.944,444.5,524.0
16,10,34.570,35.493,1296.0,297.0
16,12,21.887,22.563,627.0,639.0
16,13,33.598,22.381,621.0,311.0
16,14,32.756,15.789,267.0,330.0
16,17,31.722,27.618,913.5,349.0
16,18,34.189,36.055,1332.0,305.0
18,1,49.314,13.517,328.0,113.0
18,4,32.277,12.800,117.0,346.0
18,5,35.541,14.115,234.0,275.0
18,8,25.064,18.628,384.0,536.0
18,9,25.441,19.400,442.5,524.0
18,12,22.361,21.951,612.5,640.0
18,13,32.507,22.609,665.0,346.0
18,14,32.092,16.551,334.0,354.0
18,18,33.890,35.259,1334.5,323.0
19,1,49.267,13.361,328.0,115.0
19,2,33.997,23.107,710.5,321.0
19,4,30.993,13.307,142.5,391.0
19,5,36.245,14.025,252.0,274.0
19,8,25.325,18.343,383.5,536.0
19,9,25.707,19.107,442.0,524.0
19,12,22.559,21.544,603.5,644.0
19,13,32.003,22.546,675.5,361.0
19,14,32.070,16.970,369.0,354.0
19,16,29.031,27.545,995.0,435.0
19,17,29.167,26.805,947.5,437.0
19,18,33.506,34.799,1342.5,339.0
20,1,49.577,13.083,328.0,113.0
20,2,33.316,23.211,731.0,342.0
20,5,36.260,14.093,267.0,286.0
20,8,25.609,18.041,383.5,536.0
20,9,25.991,18.798,441.5,524.0
20,12,22.847,21.233,610.0,642.0
20,13,31.516,22.471,691.0,378.0
20,14,31.609,17.295,392.5,377.0
20,17,28.393,26.480,956.0,459.0
21,1,50.059,12.591,328.0,113.0
21,3,31.700,23.259,780.5,386.0
21,6,30.524,31.981,1319.5,420.0
21,8,26.083,17.535,383.5,536.0
21,9,26.463,18.289,441.5,524.0
21,13,31.001,22.426,731.0,404.0
21,14,31.110,17.464,426.0,401.0
21,16,29.239,27.883,1094.5,446.0
21,17,27.443,26.031,983.0,507.0
21,19,33.934,10.224,49.0,331.0
21,20,32.249,15.429,316.5,372.0
21,21,31.150,16.546,374.0,400.0
21,22,31.504,13.903,219.0,383.0
22,1,50.396,12.168,328.0,113.0
22,3,31.706,23.365,807.0,392.0
22,6,30.837,31.798,1320.5,417.0
22,7,31.578,27.711,1067.0,399.0
22,13,30.833,22.445,756.0,410.0
22,17,27.086,25.718,995.5,515.0
23,1,50.604,11.982,328.0,113.0
23,3,31.723,23.409,807.0,392.0
23,6,30.995,31.737,1320.5,416.0
23,7,31.609,27.558,1067.0,399.0
23,12,23.485,20.344,614.5,654.0
23,13,30.819,22.465,756.0,410.0
23,17,27.024,25.611,995.5,515.0
23,23,33.413,11.057,98.0,350.0
23,24,33.560,11.803,142.5,345.0
24,1,50.935,11.701,328.0,111.0
24,2,34.082,23.582,827.0,343.0
24,6,31.270,31.513,1320.5,413.0
24,7,31.549,27.537,1092.5,407.0
24,8,26.405,16.544,366.0,550.0
24,9,26.822,17.269,423.0,536.0
24,12,23.547,19.792,585.5,664.0
24,13,30.784,22.496,781.0,419.0
24,17,27.268,25.530,1011.0,513.0
24,20,31.989,15.450,355.5,386.0
24,21,29.326,16.828,416.5,456.0
24,23,33.219,11.090,112.5,361.0
24,24,32.794,11.892,149.5,372.0
25,1,51.182,11.374,328.0,111.0
25,3,31.566,23.264,843.0,407.0
25,6,31.380,31.197,1326.5,417.0
25,7,31.458,27.578,1118.5,413.0
25,8,26.368,16.149,358.0,557.0
25,9,26.767,16.858,414.0,544.0
25,12,23.547,19.261,575.5,672.0
25,13,30.344,22.374,794.5,442.0
25,17,27.595,25.526,1036.5,511.0
25,20,31.241,15.668,384.5,418.0
25,23,33.457,11.184,145.0,354.0
26,1,51.371,11.012,328.0,111.0
26,3,31.581,23.130,859.5,408.0
26,7,31.438,27.610,1142.5,415.0
26,8,26.324,15.693,348.5,562.0
26,9,26.694,16.407,406.0,550.0
26,12,23.517,18.776,572.0,678.0
26,13,29.663,22.176,810.5,466.0
26,17,27.816,25.451,1054.0,513.0
26,19,32.403,11.081,138.5,383.0
26,20,30.798,15.660,395.0,426.0
26,24,31.192,13.088,254.0,417.0
26,25,33.482,21.520,758.5,366.0
28,1,51.491,10.224,327.0,111.0
28,4,27.573,15.499,413.5,522.0
28,7,31.534,27.574,1186.5,417.0
28,8,26.265,14.782,341.0,568.0
28,9,26.459,15.521,399.0,563.0
28,10,34.099,29.946,1276.5,361.0
28,13,28.834,21.976,863.0,488.0
28,17,27.039,24.955,1091.0,557.0
28,19,31.946,11.319,189.5,396.0
28,24,30.732,13.232,285.5,423.0
28,25,32.176,21.272,798.5,402.0
29,1,51.531,9.825,328.0,111.0
29,3,30.444,22.395,902.0,448.0
29,4,27.445,15.235,404.5,526.0
29,7,31.552,27.596,1217.5,419.0
29,8,26.244,14.316,338.0,570.0
29,9,26.516,15.044,396.0,558.0
29,10,34.370,29.929,1306.5,353.0
29,13,28.528,21.452,843.0,497.0
29,17,26.527,24.711,1118.0,573.0
29,19,31.375,11.551,222.0,417.0
29,20,30.447,13.531,316.0,435.0
29,24,30.166,12.830,264.5,448.0
30,1,51.365,9.448,328.0,113.0
30,3,29.936,22.103,918.0,462.0
30,6,32.909,29.594,1331.0,388.0
30,7,31.641,27.625,1243.5,417.0
30,9,26.545,14.564,392.0,560.0
30,12,23.551,17.268,591.0,686.0
30,13,28.644,21.156,864.0,488.0
30,14,31.801,16.396,550.0,405.0
30,15,44.922,31.088,1208.0,191.0
30,17,25.936,24.433,1141.0,597.0
31,1,51.304,9.033,328.0,113.0
31,3,29.310,21.781,932.0,482.0
31,7,31.647,27.730,1281.5,419.0
31,12,23.507,16.692,567.0,690.0
31,13,28.750,20.949,884.0,489.0
31,14,31.904,16.334,579.0,405.0
31,16,27.183,25.218,1204.5,548.0
31,17,25.875,24.162,1150.0,586.0
32,1,51.224,8.627,328.0,113.0
32,3,29.127,21.503,944.5,479.0
32,7,31.674,27.927,1321.5,419.0
32,12,23.473,16.158,563.0,692.0
32,13,28.767,20.759,901.5,493.0
32,14,32.441,16.333,607.5,387.0
32,15,44.892,30.990,1244.5,192.0
32,16,27.025,25.118,1241.5,553.0
32,17,25.966,24.054,1181.0,584.0
32,21,29.377,17.343,666.0,471.0
32,26,31.968,15.711,564.0,403.0
33,1,51.190,8.216,328.0,113.0
33,3,29.077,21.376,972.5,481.0
33,7,31.345,27.771,1337.5,433.0
33,8,26.179,12.507,330.5,576.0
33,9,26.521,13.208,388.0,564.0
33,12,23.465,15.675,563.5,692.0
33,13,28.712,20.636,926.5,497.0
33,14,32.140,16.398,637.5,408.0
33,15,44.107,30.617,1256.0,206.0
33,16,28.299,24.725,1188.5,488.0
33,17,26.314,24.456,1255.5,570.0
33,19,29.634,12.268,356.0,464.0
33,26,31.994,15.734,592.5,403.0
33,27,39.752,28.403,1219.0,263.0
34,1,51.183,7.814,328.0,113.0
34,3,29.130,21.210,986.5,480.0
34,8,26.131,12.076,331.5,578.0
34,9,26.475,12.781,389.5,566.0
34,12,23.429,15.162,556.0,694.0
34,13,28.527,20.423,939.5,505.0
34,14,31.926,16.459,666.0,409.0
34,15,43.408,30.293,1272.5,213.0
34,17,26.674,24.465,1255.5,561.0
34,19,29.388,12.306,381.5,468.0
34,26,31.956,15.748,619.5,405.0
34,27,39.193,28.096,1239.0,269.0
34,28,59.107,5.014,280.0,50.0
35,1,51.182,7.382,328.0,113.0
35,3,29.047,21.160,1020.5,487.0
35,8,26.118,11.652,331.5,578.0
35,12,23.453,14.836,575.5,692.0
35,13,28.242,20.231,962.5,515.0
35,14,31.816,16.502,694.5,409.0
35,15,42.709,29.849,1280.5,221.0
35,16,27.594,24.886,1325.0,549.0
35,17,26.780,24.192,1260.5,565.0
35,26,31.966,15.766,648.0,404.0
35,27,38.848,27.774,1247.5,273.0
35,28,59.184,5.512,322.5,50.0
36,1,51.162,6.950,328.0,113.0
36,8,26.222,11.255,337.5,572.0
36,9,26.595,11.963,394.5,560.0
36,12,23.719,14.628,598.5,674.0
36,13,27.959,19.934,971.0,523.0
36,14,31.755,16.484,718.0,410.0
36,15,40.955,28.958,1287.0,254.0
36,17,27.033,24.277,1311.0,553.0
36,21,29.377,17.352,784.0,476.0
36,25,28.544,20.740,1024.5,503.0
36,26,31.903,15.711,669.0,407.0
36,27,38.681,27.391,1249.5,275.0
38,1,51.217,6.449,328.0,112.0
38,3,29.914,19.622,960.0,460.0
38,8,26.618,10.734,354.5,559.0
38,9,26.961,11.452,411.5,548.0
38,13,27.655,19.678,1007.5,532.0
38,15,39.218,27.876,1303.5,272.0
38,17,27.258,24.107,1327.5,550.0
38,21,29.817,16.637,764.0,462.0
38,26,31.829,15.780,716.0,412.0
38,27,38.843,27.074,1273.0,275.0
38,28,58.241,5.210,319.0,55.0
39,1,51.233,6.182,328.0,113.0
39,8,26.953,10.461,360.0,552.0
39,9,27.324,11.182,417.5,539.0
39,13,27.614,19.545,1025.5,537.0
39,15,38.923,27.611,1320.5,275.0
39,18,30.801,25.097,1340.0,448.0
39,21,29.895,16.462,792.5,468.0
39,25,27.938,19.003,967.5,526.0
39,26,31.885,15.856,745.0,413.0
39,27,39.096,27.083,1293.0,274.0
40,1,51.381,5.848,328.0,112.0
40,8,27.281,10.206,368.5,548.0
40,9,27.651,10.925,425.0,536.0
40,13,27.743,19.570,1059.5,537.0
40,21,29.950,16.412,818.0,472.0
40,25,27.821,18.624,988.5,537.0
40,26,31.808,15.900,770.0,422.0
40,28,57.954,4.170,300.0,57.0
40,29,58.322,3.313,279.5,55.0
40,30,58.763,4.513,320.5,51.0
41,1,51.537,5.521,327.5,112.0
41,3,30.596,18.453,967.5,460.0
41,8,27.621,9.920,372.0,544.0
41,9,28.011,10.641,429.0,531.0
41,13,27.956,19.638,1088.5,537.0
41,21,29.983,16.431,844.0,477.0
41,25,27.439,18.538,1029.0,563.0
41,26,31.727,15.944,796.0,429.0
41,28,58.081,3.796,305.0,56.0
41,30,58.559,4.256,320.5,55.0
42,2,36.658,25.860,1337.5,331.0
42,4,28.614,17.188,929.5,525.0
42,8,27.975,9.603,373.5,540.0
42,9,28.340,10.331,430.5,529.0
42,13,27.944,19.434,1092.5,551.0
42,14,31.711,16.366,845.5,435.0
42,19,29.962,13.359,653.5,480.0
42,25,26.624,18.092,1018.5,608.0
43,1,51.640,5.015,321.5,114.0
43,4,28.891,17.282,957.5,523.0
43,8,28.277,9.284,375.5,540.0
43,9,28.645,10.027,434.0,528.0
43,13,27.722,19.031,1093.5,571.0
43,14,31.614,16.396,874.5,446.0
43,23,31.715,11.823,573.0,439.0
43,24,25.530,12.498,616.0,646.0
43,25,26.022,17.708,1031.5,632.0
43,27,40.821,27.095,1344.0,261.0
43,30,58.565,3.568,304.0,54.0
43,31,54.696,3.678,286.5,85.0
44,1,51.858,4.857,328.0,114.0
44,8,28.582,8.984,378.0,538.0
44,9,28.954,9.727,435.5,526.0
44,13,27.433,18.282,1061.5,590.0
44,14,31.592,16.476,903.5,452.0
44,19,29.965,13.381,697.5,499.0
44,28,58.091,2.675,280.0,60.0
44,29,57.865,3.248,301.5,62.0
44,30,58.766,3.595,323.0,55.0
45,1,52.062,4.618,328.0,114.0
45,8,28.843,8.699,379.5,539.0
45,9,29.234,9.458,439.5,526.0
45,12,25.995,11.651,597.0,648.0
45,19,29.939,13.375,722.0,507.0
45,20,29.508,12.413,657.5,519.0
45,21,28.913,16.389,951.0,545.0
45,23,31.388,11.717,604.0,462.0
45,26,31.555,16.104,900.0,460.0
45,28,58.369,2.318,280.0,58.0
45,29,57.948,3.077,302.0,62.0
45,30,58.950,3.462,324.0,55.0
46,8,29.119,8.421,381.5,538.0
46,9,29.501,9.156,437.5,526.0
46,12,26.307,11.354,598.5,646.0
46,20,29.483,12.549,690.0,529.0
46,23,31.304,11.674,623.5,471.0
46,26,31.535,16.077,919.5,468.0
46,29,56.518,3.143,304.5,83.0
46,31,54.821,2.928,286.5,90.0
47,8,29.434,8.123,381.5,536.0
47,9,29.791,8.862,439.5,525.0
47,12,26.606,11.058,599.5,646.0
47,19,30.011,13.258,759.0,521.0
47,20,29.563,12.418,694.0,534.0
47,23,31.374,11.580,637.0,475.0
47,31,55.040,2.618,286.5,89.0
48,1,52.865,3.167,299.0,112.0
48,4,30.166,17.695,1105.0,528.0
48,8,29.723,7.835,382.5,536.0
48,9,30.068,8.569,439.5,525.0
48,12,26.924,10.758,599.5,644.0
48,19,30.329,13.131,770.0,515.0
48,20,29.632,12.302,713.0,542.0
48,23,31.345,11.566,661.0,487.0
48,31,55.277,2.253,280.5,89.0
48,32,48.917,3.455,289.0,154.0
49,1,52.992,2.844,302.0,114.0
49,4,30.230,17.673,1128.5,539.0
49,8,30.006,7.520,380.0,536.0
49,9,30.271,8.257,437.0,529.0
49,19,30.330,12.903,775.0,532.0
49,21,27.849,14.719,934.0,622.0
49,23,31.482,11.763,704.0,489.0
49,31,55.511,1.943,280.5,89.0
49,32,49.158,3.188,289.0,154.0
49,33,38.659,0.195,22.0,308.0
50,1,53.193,2.566,302.5,114.0
50,3,31.909,13.629,843.5,489.0
50,4,30.267,17.626,1153.0,547.0
50,8,30.287,7.276,387.5,536.0
50,9,30.604,7.999,443.5,524.0
50,12,27.528,10.193,603.5,643.0
50,14,30.139,16.734,1093.0,550.0
50,19,30.503,12.664,782.0,531.0
50,21,27.520,14.337,948.0,649.0
50,23,31.491,11.827,722.0,501.0
50,29,53.234,3.208,326.5,115.0
50,31,55.779,1.647,280.5,89.0
50,33,38.638,0.186,34.0,314.0
51,1,53.393,2.708,328.0,115.0
51,3,32.013,13.579,881.0,495.0
51,4,30.195,17.548,1179.0,561.0
51,8,30.569,6.987,385.0,536.0
51,9,30.920,7.685,439.0,524.0
51,12,27.810,9.881,601.0,644.0
51,14,30.206,16.767,1118.5,551.0
51,19,30.624,12.741,827.5,539.0
51,21,27.670,14.034,949.5,643.0
51,23,31.561,12.070,769.5,507.0
51,26,31.789,16.118,1046.5,503.0
51,31,56.123,1.404,283.5,88.0
51,33,38.652,0.167,44.5,319.0
51,34,55.127,26.361,1237.0,114.0
52,1,53.607,2.662,327.5,115.0
52,4,30.259,17.545,1209.0,565.0
52,8,30.871,6.698,385.5,535.0
52,9,31.222,7.402,441.5,524.0
52,12,28.095,9.593,603.0,644.0
52,14,30.563,16.854,1146.5,545.0
52,19,30.943,12.725,838.5,534.0
52,23,31.655,12.035,774.5,513.0
52,26,31.765,16.112,1073.5,515.0
52,28,61.060,0.783,297.5,50.0
52,31,56.401,1.145,282.5,88.0
52,33,38.678,0.163,56.5,324.0
52,34,55.036,26.244,1249.0,118.0
52,35,55.262,25.717,1227.0,115.0
53,1,53.816,2.500,327.0,115.0
53,4,30.263,17.388,1221.0,577.0
53,8,31.144,6.409,385.5,536.0
53,9,31.510,7.116,441.5,524.0
53,12,28.379,9.287,601.5,644.0
53,14,30.734,16.755,1160.5,557.0
53,26,31.644,16.077,1100.0,530.0
53,31,56.287,1.067,289.0,93.0
53,33,38.678,0.170,68.0,330.0
53,34,54.949,26.268,1269.0,121.0
53,35,55.072,25.657,1242.5,119.0
54,1,54.070,2.250,327.0,115.0
54,3,31.428,14.544,1037.0,547.0
54,4,30.243,17.335,1256.0,589.0
54,8,31.418,6.114,385.0,536.0
54,9,31.792,6.823,441.0,524.0
54,12,28.662,8.949,596.5,644.0
54,14,30.818,16.742,1195.5,567.0
54,23,31.875,12.013,823.5,525.0
54,26,31.651,16.102,1131.0,536.0
54,28,61.341,0.886,320.5,53.0
54,30,56.935,0.589,280.0,88.0
54,31,56.375,1.053,299.5,93.0
54,33,38.734,0.153,80.0,334.0
54,34,55.005,26.147,1274.5,122.0
54,35,55.331,25.616,1250.5,117.0
55,1,54.312,1.926,323.0,115.0
55,3,30.924,14.474,1037.0,578.0
55,4,30.229,17.204,1269.5,600.0
55,8,31.706,5.826,382.0,536.0
55,9,32.080,6.525,437.0,524.0
55,12,28.957,8.608,589.5,644.0
55,14,30.748,16.502,1197.0,583.0
55,20,28.669,12.636,936.0,662.0
55,30,56.967,0.360,283.0,88.0
55,31,56.078,1.036,302.0,100.0
55,32,50.743,1.575,289.0,153.0
55,33,38.768,0.137,88.5,340.0
55,34,55.081,26.099,1288.0,124.0
55,35,55.445,25.604,1264.5,120.0
56,1,54.489,1.667,321.5,115.0
56,3,30.664,14.373,1053.0,592.0
56,4,30.174,17.133,1293.0,615.0
56,8,31.971,5.573,377.0,536.0
56,9,32.344,6.280,434.0,524.0
56,12,29.275,8.503,609.0,642.0
56,14,30.722,16.392,1219.5,593.0
56,30,56.948,0.282,286.5,90.0
56,31,56.187,0.953,304.0,97.0
56,32,50.918,1.394,289.0,153.0
56,33,38.712,0.150,92.5,346.0
56,34,55.411,26.256,1299.5,126.0
56,35,55.653,25.719,1275.5,124.0
57,1,54.705,1.569,327.5,115.0
57,3,30.395,14.364,1085.0,615.0
57,4,30.451,17.161,1308.0,608.0
57,8,32.252,5.346,370.0,535.0
57,9,32.607,6.057,427.0,524.0
57,12,29.543,8.121,569.5,644.0
57,14,30.796,16.286,1228.5,599.0
57,19,31.199,12.835,953.5,583.0
57,21,29.364,10.764,798.5,651.0
57,30,57.262,0.163,286.0,88.0
57,31,55.629,1.033,309.5,109.0
57,32,51.121,1.251,289.0,153.0
57,33,38.690,0.183,98.5,351.0
57,34,55.530,26.307,1309.0,130.0
57,35,55.900,25.795,1283.5,125.0
58,1,55.047,1.321,319.0,115.0
58,3,30.044,14.513,1121.0,638.0
58,4,30.856,17.266,1315.0,598.0
58,8,32.467,5.127,358.0,535.0
58,9,32.813,5.843,415.5,524.0
58,12,29.749,7.923,569.5,643.0
58,14,30.899,16.341,1246.0,601.0
58,19,31.085,12.821,958.0,595.0
58,21,29.432,10.419,787.0,663.0
58,26,31.391,15.888,1191.5,584.0
58,30,57.738,-0.008,285.0,88.0
58,32,51.387,1.120,289.0,154.0
58,33,38.700,0.176,100.0,356.0
58,34,55.582,26.326,1318.0,132.0
58,35,55.963,25.825,1293.5,128.0
59,1,55.314,1.167,318.0,115.0
59,3,29.532,14.617,1152.0,677.0
59,4,30.965,17.161,1313.0,615.0
59,8,32.717,4.873,342.5,535.0
59,9,33.059,5.588,400.0,524.0
59,12,29.982,7.673,551.0,644.0
59,14,30.569,16.043,1232.0,637.0
59,21,29.368,10.136,773.0,681.0
59,30,58.073,-0.106,285.0,88.0
59,32,51.627,1.041,289.0,154.0
59,33,38.658,0.193,101.0,364.0
59,34,55.628,26.283,1321.5,134.0
59,35,55.880,25.807,1301.0,132.0
60,1,55.590,1.140,322.0,115.0
60,3,29.133,14.664,1172.5,704.0
60,4,30.863,16.998,1320.0,635.0
60,8,32.985,4.606,326.0,535.0
60,9,33.325,5.314,383.0,524.0
60,12,30.275,7.444,537.5,642.0
60,13,29.200,10.539,808.0,695.0
60,20,29.337,11.582,893.0,687.0
60,21,29.263,9.718,733.0,697.0
60,29,47.636,0.713,238.0,208.0
60,30,58.380,-0.170,285.0,88.0
60,32,51.888,0.987,289.0,154.0
60,33,38.649,0.188,99.0,370.0
60,34,55.566,26.372,1337.5,138.0
60,35,55.929,25.851,1309.0,133.0
61,1,55.818,1.154,322.5,116.0
61,4,30.617,16.799,1326.0,659.0
61,8,33.263,4.307,305.0,535.0
61,9,33.604,5.013,362.5,524.0
61,12,30.571,7.187,517.5,642.0
61,13,29.624,9.892,743.5,683.0
61,23,31.716,10.972,827.5,601.0
61,29,47.691,0.573,237.5,208.0
61,30,58.685,-0.200,285.0,88.0
61,32,52.174,0.973,290.0,154.0
61,33,38.668,0.182,97.0,376.0
61,34,55.631,26.318,1335.0,139.0
61,35,55.874,25.817,1313.5,137.0
62,1,56.062,1.150,322.5,116.0
62,8,33.548,4.015,286.0,535.0
62,9,33.889,4.709,342.5,524.0
62,12,30.897,6.914,496.5,640.0
62,23,31.073,10.623,806.0,652.0
62,29,47.674,0.535,235.0,214.0
62,30,58.957,-0.278,282.0,88.0
62,32,52.454,0.952,290.0,154.0
62,33,38.649,0.180,94.0,384.0
62,34,55.973,26.407,1341.0,137.0
62,35,55.767,25.768,1319.0,141.0
63,1,56.307,1.147,322.5,116.0
63,8,33.830,3.695,261.5,535.0
63,12,31.207,6.643,475.5,640.0
63,29,47.735,0.541,233.0,217.0
63,30,59.207,-0.318,282.0,88.0
63,32,52.717,0.926,289.0,154.0
63,33,38.708,0.168,91.0,388.0
63,34,55.914,26.353,1345.5,143.0
63,35,55.735,25.757,1324.5,143.0
64,1,56.479,1.158,322.5,116.0
64,3,28.579,15.521,1318.5,792.0
64,8,34.102,3.384,239.0,535.0
64,9,34.439,4.076,296.0,524.0
64,12,31.470,6.360,451.5,642.0
64,13,31.128,8.651,651.0,656.0
64,18,32.997,17.326,1331.0,592.0
64,23,30.495,9.716,735.0,691.0
64,26,31.429,15.884,1260.0,654.0
64,29,47.781,0.574,231.5,220.0
64,30,59.356,-0.314,282.0,88.0
64,32,52.916,0.926,289.0,154.0
64,33,38.696,0.184,87.5,396.0
64,34,56.052,26.288,1345.5,142.0
64,35,55.736,25.678,1326.0,145.0
65,1,56.683,1.172,323.0,115.0
65,3,28.781,15.716,1331.5,792.0
65,4,30.916,16.617,1346.5,690.0
65,8,34.371,3.064,214.0,535.0
65,9,34.692,3.747,271.0,525.0
65,12,31.739,6.072,427.5,642.0
65,13,31.468,8.185,606.5,659.0
65,18,32.898,17.109,1327.0,611.0
65,23,30.522,9.132,684.5,695.0
65,26,31.112,15.686,1256.0,690.0
65,29,47.853,0.617,231.0,222.0
65,30,59.460,-0.290,282.0,88.0
65,32,53.084,0.938,289.0,154.0
65,33,38.649,0.199,82.0,404.0
65,35,55.704,25.758,1339.0,149.0
66,1,56.881,1.175,323.0,115.0
66,8,34.629,2.770,192.5,535.0
66,9,34.962,3.452,250.5,524.0
66,12,32.007,5.769,401.0,642.0
66,18,32.740,16.947,1331.5,629.0
66,23,30.842,8.538,633.0,687.0
66,26,30.935,15.559,1263.0,707.0
66,29,47.863,0.622,227.0,226.0
66,30,59.602,-0.280,282.0,88.0
66,32,53.268,0.956,290.0,154.0
66,33,38.729,0.189,79.0,406.0
66,35,55.627,25.735,1342.0,152.0
67,1,57.329,1.130,320.0,115.0
67,8,35.040,2.357,153.5,535.0
67,9,35.381,3.045,212.5,524.0
67,12,32.445,5.422,368.0,642.0
67,13,31.859,7.939,600.0,683.0
67,14,32.144,15.613,1254.5,676.0
67,18,32.766,16.807,1337.5,650.0
67,19,31.820,14.589,1176.5,691.0
67,28,65.127,1.515,375.0,50.0
67,29,47.797,0.623,220.5,236.0
67,30,60.049,-0.285,282.0,88.0
67,32,53.694,0.951,289.0,154.0
67,33,38.716,0.194,69.0,422.0
68,1,57.698,1.112,320.0,116.0
68,8,35.315,1.994,129.0,536.0
68,9,35.661,2.685,188.5,525.0
68,12,32.737,5.117,345.0,642.0
68,18,32.501,16.564,1329.5,676.0
68,19,32.144,14.303,1120.0,677.0
68,23,30.828,6.997,482.5,737.0
68,26,31.227,14.743,1189.0,721.0
68,29,47.787,0.634,219.0,240.0
68,30,60.500,-0.290,282.0,88.0
68,32,54.099,0.945,289.0,154.0
68,33,38.712,0.178,63.0,428.0
69,1,57.968,1.127,320.0,116.0
69,4,31.393,16.001,1320.5,736.0
69,8,35.632,1.791,121.0,534.0
69,9,36.036,2.476,181.0,520.0
69,12,33.113,4.956,339.5,636.0
69,19,32.310,14.108,1120.0,689.0
69,21,30.938,7.294,525.5,745.0
69,23,31.435,6.360,443.0,703.0
69,29,47.789,0.641,215.0,244.0
69,30,60.797,-0.264,282.0,88.0
69,32,54.406,0.961,289.0,154.0
69,33,38.711,0.170,56.0,436.0
70,1,58.063,1.132,320.0,116.0
70,4,31.454,15.920,1320.5,736.0
70,8,35.733,1.737,121.0,534.0
70,9,36.167,2.418,181.0,520.0
70,12,33.250,4.918,339.5,636.0
70,19,32.371,14.001,1120.0,689.0
70,23,32.220,5.923,419.5,664.0
70,28,65.013,1.569,372.0,56.0
70,29,47.777,0.639,215.0,244.0
70,30,60.913,-0.259,282.0,88.0
70,32,54.512,0.966,289.0,154.0
70,33,38.688,0.163,56.0,436.0
71,1,58.079,1.140,320.0,116.0
71,4,31.463,15.900,1320.5,736.0
71,8,35.753,1.753,121.0,534.0
71,9,36.198,2.433,181.0,520.0
71,12,33.279,4.935,339.5,636.0
71,19,32.374,13.961,1120.0,689.0
71,23,32.598,5.794,419.5,664.0
71,28,64.950,1.572,372.0,56.0
71,29,47.788,0.641,215.0,244.0
71,30,60.933,-0.251,282.0,88.0
71,32,54.532,0.972,289.0,154.0
71,33,38.692,0.164,56.0,436.0
71,36,38.368,18.639,1331.5,472.0
72,1,58.421,1.283,328.0,116.0
72,8,36.320,1.826,125.5,526.0
72,9,36.769,2.507,185.5,512.0
72,12,33.891,5.094,356.0,624.0
72,19,32.602,13.687,1089.0,705.0
72,21,31.997,6.352,430.5,725.0
72,26,32.730,12.813,1013.0,697.0
72,29,47.877,0.644,207.5,252.0
72,30,61.256,-0.229,282.0,88.0
72,32,54.873,0.997,289.0,154.0
72,33,38.734,0.182,41.0,454.0
73,1,58.750,1.370,328.0,116.0
73,8,36.786,1.835,118.0,527.0
73,9,37.034,2.550,177.0,524.0
73,19,32.853,13.437,1074.0,711.0
73,26,32.756,12.363,987.5,726.0
73,29,47.817,0.680,204.0,260.0
73,30,61.566,-0.205,282.0,88.0
73,32,55.207,1.029,289.5,154.0
73,33,38.733,0.220,35.0,465.0
74,1,59.071,1.402,328.0,116.0
74,8,37.426,1.973,140.5,516.0
74,19,32.833,12.899,1021.5,740.0
74,26,32.688,11.878,946.0,749.0
74,29,47.782,0.676,198.5,266.0
74,30,61.867,-0.198,282.0,88.0
74,32,55.544,1.032,289.0,154.0
74,33,38.762,0.197,23.5,475.0
75,1,59.303,1.418,328.0,116.0
75,8,37.846,1.888,117.5,519.0
75,9,37.848,2.562,177.0,517.0
75,26,32.367,11.436,918.5,792.0
75,29,47.846,0.674,196.0,268.0
75,30,62.069,-0.183,282.0,88.0
75,32,55.799,1.050,289.5,154.0
75,33,38.757,0.232,19.5,486.0
76,1,59.669,1.427,328.0,116.0
76,8,38.181,1.991,133.5,522.0
76,9,38.438,2.668,192.0,508.0
76,26,32.416,11.082,887.5,792.0
76,28,64.922,1.566,362.0,69.0
76,29,47.928,0.671,191.0,274.0
76,30,62.436,-0.171,282.0,88.0
76,32,56.165,1.074,290.0,154.0
76,33,38.761,0.290,14.5,498.0
76,36,37.773,16.436,1234.5,559.0
80,1,60.974,1.498,328.0,116.0
80,8,41.123,1.661,134.0,458.0
80,9,41.548,2.391,192.5,447.0
80,14,39.343,16.705,1252.0,550.0
80,20,33.666,9.565,732.5,792.0
80,28,64.980,1.551,352.0,79.0
80,29,47.787,0.637,168.5,300.0
80,30,63.749,-0.005,285.5,88.0
80,32,56.694,1.259,289.0,164.0
80,36,38.093,15.397,1181.0,593.0
81,1,61.408,1.503,328.0,116.0
81,14,40.006,15.768,1133.0,536.0
81,20,33.983,9.170,676.0,792.0
81,23,37.701,2.652,138.5,597.0
81,28,65.019,1.538,349.0,83.0
81,29,47.771,0.631,163.0,308.0
81,30,64.199,-0.049,282.0,88.0
81,32,56.744,1.324,289.0,169.0
81,36,38.251,15.362,1189.0,603.0
82,1,61.722,1.692,339.5,116.0
82,8,42.834,1.450,135.0,431.0
82,9,43.269,2.235,195.5,421.0
82,12,37.674,5.285,351.0,621.0
82,13,35.223,4.705,264.5,737.0
82,14,41.641,16.492,1225.0,484.0
82,19,35.427,8.270,597.5,734.0
82,20,34.384,8.960,669.5,792.0
82,21,36.386,3.465,172.5,674.0
82,29,47.714,0.626,156.0,316.0
82,30,64.477,-0.053,282.0,88.0
82,31,46.494,4.301,363.0,348.0
82,32,56.762,1.382,288.5,172.0
82,36,38.610,15.088,1150.0,600.0
83,1,62.071,1.781,338.5,116.0
83,8,43.618,1.382,135.5,423.0
83,9,44.050,2.183,196.0,413.0
83,13,35.663,4.541,251.0,729.0
83,19,35.207,7.824,561.5,786.0
83,20,34.806,8.772,650.5,792.0
83,21,36.137,3.566,175.5,726.0
83,29,47.704,0.621,149.0,324.0
83,30,64.803,-0.046,282.0,88.0
83,31,46.740,4.341,362.5,346.0
83,32,57.863,1.271,288.5,155.0
83,36,39.184,15.725,1239.5,593.0
84,1,62.361,1.818,338.0,116.0
84,4,37.119,16.331,1328.0,711.0
84,8,44.226,1.324,135.5,418.0
84,9,44.684,2.129,196.0,407.0
84,12,38.419,5.263,347.5,622.0
84,14,41.793,17.416,1302.0,538.0
84,19,36.037,7.237,500.5,722.0
84,20,35.194,8.346,595.5,792.0
84,21,36.462,3.720,196.0,706.0
84,23,38.244,2.570,122.0,628.0
84,29,47.672,0.617,144.0,332.0
84,30,65.071,-0.029,282.0,88.0
84,31,47.102,4.336,362.0,347.0
84,32,58.704,1.202,289.0,153.0
84,33,38.409,4.372,279.5,622.0
84,36,39.735,16.083,1237.0,591.0
85,1,62.597,1.802,336.0,116.0
85,4,37.725,16.440,1331.5,700.0
85,8,44.584,1.308,135.0,418.0
85,9,45.057,2.115,195.5,407.0
85,13,36.001,3.810,163.0,754.0
85,14,41.415,17.343,1288.0,563.0
85,19,36.406,6.853,472.0,742.0
85,20,35.548,7.946,560.0,792.0
85,21,37.227,4.074,242.5,675.0
85,23,37.868,2.571,96.5,667.0
85,30,65.297,-0.020,282.0,88.0
85,31,47.448,4.335,362.0,347.0
85,32,59.201,1.175,289.0,153.0
85,36,39.893,16.076,1228.0,611.0
85,37,41.015,14.547,1087.5,557.0
85,38,41.918,15.677,1154.0,524.0
86,1,62.964,1.766,335.0,116.0
86,4,38.231,16.510,1334.0,699.0
86,8,44.906,1.315,136.0,418.0
86,9,45.402,2.326,218.0,407.0
86,12,39.081,5.228,342.0,624.0
86,13,36.065,3.624,151.0,772.0
86,19,36.208,6.785,472.0,792.0
86,20,35.912,7.741,552.0,792.0
86,21,37.964,4.327,257.0,664.0
86,30,65.678,-0.027,282.0,88.0
86,31,47.760,4.357,363.0,350.0
86,32,59.643,1.163,289.0,153.0
86,37,40.813,14.196,1068.0,585.0
86,38,42.270,15.322,1122.5,535.0
87,1,63.312,1.757,333.5,116.0
87,4,38.333,16.488,1336.5,712.0
87,8,45.136,1.390,137.0,421.0
87,9,45.622,2.305,198.5,410.0
87,12,39.393,5.273,347.5,623.0
87,13,36.466,3.574,156.0,753.0
87,19,36.187,6.533,426.0,792.0
87,20,36.180,7.411,508.0,792.0
87,21,38.495,4.501,265.5,661.0
87,30,66.025,0.023,282.0,88.0
87,31,47.951,4.418,365.0,355.0
87,32,59.993,1.203,289.0,153.0
87,36,39.922,15.726,1211.5,634.0
87,37,40.791,14.011,1063.5,589.0
88,1,63.733,1.733,332.0,116.0
88,4,38.286,16.345,1337.5,737.0
88,14,40.653,16.162,1233.5,622.0
88,19,36.395,6.452,427.0,792.0
88,20,36.505,7.232,500.0,792.0
88,30,66.469,0.042,282.0,88.0
88,32,60.369,1.226,289.0,153.0
88,36,40.535,15.437,1176.5,608.0
88,37,41.013,13.842,1050.0,591.0
89,1,64.209,1.685,329.0,115.0
89,4,38.337,16.242,1341.5,749.0
89,14,41.131,15.880,1216.0,599.0
89,19,36.970,6.160,383.5,770.0
89,20,36.871,6.931,458.5,792.0
89,30,66.907,0.063,282.0,88.0
89,32,60.750,1.253,289.0,153.0
89,36,41.045,15.190,1161.0,609.0
89,37,41.452,13.931,1065.5,587.0
89,38,43.442,13.891,1010.5,523.0
91,4,38.708,15.912,1335.5,792.0
91,8,44.886,2.075,136.5,491.0
91,28,65.521,1.677,327.0,114.0
91,29,47.799,0.642,87.5,399.0
91,30,67.986,0.142,282.0,88.0
91,31,46.907,5.084,377.0,437.0
91,32,61.741,1.349,289.0,154.0
91,33,38.225,6.540,414.0,792.0
91,36,43.418,14.869,1107.5,552.0
91,38,43.640,13.000,963.5,561.0
92,4,39.053,15.703,1314.5,792.0
92,8,44.581,2.293,137.0,515.0
92,28,65.657,1.717,327.0,115.0
92,29,47.787,0.653,79.0,410.0
92,30,68.369,0.190,282.0,88.0
92,31,45.887,5.301,376.5,488.0
92,32,62.138,1.396,289.0,154.0
92,33,38.478,6.499,397.0,792.0
92,36,44.210,14.716,1096.5,556.0
92,38,43.204,12.627,951.5,601.0
93,1,65.693,1.719,327.0,115.0
93,4,39.201,15.624,1315.5,792.0
93,8,44.449,2.377,137.0,515.0
93,29,47.777,0.657,79.0,410.0
93,30,68.498,0.210,282.0,88.0
93,31,45.446,5.386,376.5,488.0
93,32,62.276,1.415,289.0,154.0
93,33,38.597,6.455,397.0,792.0
93,36,44.499,14.665,1096.5,555.0
93,38,42.976,12.498,951.5,601.0
93,39,56.673,1.115,228.0,228.0
94,1,65.983,1.621,320.0,115.0
94,4,39.504,15.544,1304.5,792.0
94,8,44.101,2.635,149.5,547.0
94,29,47.769,0.656,71.0,420.0
94,30,68.667,0.213,282.0,88.0
94,32,62.468,1.420,289.0,154.0
94,33,38.904,6.272,373.5,792.0
94,36,44.338,14.628,1105.0,581.0
94,37,43.692,15.430,1178.5,589.0
94,38,43.030,12.544,959.5,607.0
94,39,56.721,1.128,226.0,232.0
95,1,66.317,1.590,320.0,115.0
95,8,44.133,2.732,143.5,551.0
95,29,47.796,0.653,62.0,430.0
95,30,68.940,0.226,282.0,88.0
95,32,62.763,1.433,289.0,154.0
95,33,39.302,6.069,355.0,792.0
95,36,44.423,14.480,1085.5,580.0
95,37,44.340,15.482,1157.0,577.0
95,38,43.455,12.570,950.5,599.0
95,39,56.714,1.132,220.0,239.0
97,1,67.335,1.786,328.0,115.0
97,12,41.013,3.822,145.5,752.0
97,29,47.850,0.674,38.0,460.0
97,30,69.915,0.300,282.0,88.0
97,32,63.761,1.572,293.5,154.0
97,36,44.484,13.875,1046.0,615.0
97,38,45.149,11.864,861.0,565.0
97,39,56.715,1.151,205.5,257.0
98,1,67.553,1.849,328.0,115.0
98,12,41.041,3.756,145.5,752.0
98,29,47.863,0.689,39.0,460.0
98,30,70.141,0.319,282.0,88.0
98,32,63.990,1.610,293.5,154.0
98,36,44.460,13.724,1046.0,615.0
98,38,45.604,11.674,861.0,565.0
98,39,56.713,1.155,205.5,257.0
99,1,67.839,1.892,328.0,115.0
99,29,47.893,0.686,27.5,472.0
99,30,70.430,0.388,284.5,88.0
99,32,64.285,1.580,289.0,154.0
99,36,44.766,13.857,1067.0,611.0
99,37,45.868,13.762,1010.5,573.0
99,38,46.414,11.354,821.5,540.0
99,39,56.752,1.157,200.0,263.0
99,40,46.441,12.055,873.5,552.0
100,1,68.186,1.909,328.0,115.0
100,29,47.887,0.696,20.5,484.0
100,30,70.793,0.432,285.5,88.0
100,32,64.636,1.561,289.0,154.0
100,36,45.428,13.917,1051.5,594.0
100,37,46.398,13.406,993.0,563.0
100,39,56.831,1.141,195.0,268.0
100,40,46.067,11.405,828.0,574.0
101,1,68.532,1.919,328.0,115.0
101,29,47.838,0.739,17.5,496.0
101,30,71.152,0.454,285.5,88.0
101,32,64.978,1.555,289.0,154.0
101,36,46.144,13.823,1029.0,584.0
101,37,46.600,13.041,967.0,577.0
101,39,56.789,1.130,189.5,276.0
101,40,46.280,11.081,814.0,569.0
102,1,68.812,1.941,328.0,115.0
102,8,42.734,3.183,85.0,741.0
102,21,45.337,5.570,349.0,620.0
102,29,47.890,0.772,10.5,507.0
102,30,71.414,0.490,285.5,88.0
102,32,65.283,1.573,289.0,154.0
102,36,46.814,13.609,1004.5,577.0
102,37,46.354,12.664,947.5,611.0
102,38,47.290,10.914,796.0,561.0
102,39,56.726,1.125,183.0,284.0
103,1,69.109,1.954,328.0,115.0
103,30,71.695,0.508,285.5,88.0
103,32,65.495,1.607,289.0,156.0
103,36,47.740,12.910,918.0,550.0
103,37,46.244,12.727,978.0,625.0
103,38,47.577,10.713,773.0,560.0
103,39,56.739,1.116,177.5,289.0
104,1,69.404,1.969,328.0,115.0
104,30,71.968,0.531,285.5,88.0
104,32,65.466,1.688,289.0,162.0
104,36,48.358,12.453,904.5,551.0
104,37,46.421,12.761,970.5,625.0
104,38,48.937,10.297,722.0,501.0
104,39,56.735,1.127,172.0,297.0
104,40,47.620,10.607,775.0,565.0
105,1,69.647,1.979,328.0,115.0
105,30,72.665,0.547,291.0,81.0
105,32,65.458,1.751,289.0,164.0
105,36,48.730,12.112,884.5,555.0
105,37,46.900,12.740,956.5,615.0
105,39,56.813,1.145,169.5,300.0
105,40,47.403,10.297,741.0,609.0
107,1,70.449,2.235,339.0,115.0
107,30,73.786,0.643,293.0,81.0
107,32,65.528,1.930,290.0,173.0
107,36,48.653,11.848,878.0,586.0
107,37,48.362,12.790,946.5,578.0
107,39,56.800,1.142,156.0,316.0
107,40,48.196,9.838,702.5,581.0
108,1,70.802,2.270,337.0,115.0
108,28,67.290,1.708,290.0,154.0
108,36,49.143,11.589,838.0,562.0
108,37,48.463,12.359,898.0,609.0
108,38,51.326,9.408,662.5,487.0
108,39,56.769,1.130,149.0,324.0
108,40,49.034,9.984,728.0,559.0
109,1,71.206,2.286,336.0,115.0
109,28,67.661,1.699,288.5,153.0
109,37,48.519,11.785,850.0,619.0
109,38,51.387,9.951,732.5,508.0
109,39,56.774,1.138,143.0,332.0
109,40,49.609,9.671,674.5,559.0
110,1,71.496,2.305,334.0,115.0
110,9,50.700,3.288,183.5,517.0
110,28,67.991,1.773,290.0,153.0
110,29,50.531,2.517,124.0,519.0
110,33,44.836,4.359,161.5,792.0
110,36,50.290,11.132,797.5,548.0
110,37,48.744,11.566,855.5,619.0
110,38,50.912,9.468,641.0,544.0
110,39,56.766,1.175,136.0,340.0
110,40,49.737,9.699,697.5,581.0
111,1,71.821,2.301,333.5,115.0
111,28,68.364,1.810,290.0,153.0
111,33,45.612,3.951,119.0,755.0
111,36,50.457,10.976,792.0,569.0
111,37,48.958,11.487,854.5,627.0
111,39,56.784,1.173,128.5,348.0
111,40,49.825,9.459,660.0,589.0
112,1,72.179,2.292,333.0,114.0
112,28,68.702,1.840,290.0,153.0
112,33,46.584,3.651,112.0,722.0
112,36,50.639,10.798,775.5,574.0
112,37,49.561,11.384,834.5,607.0
112,39,56.802,1.183,122.0,356.0
112,40,49.989,9.204,640.0,593.0
113,1,72.523,2.263,331.5,115.0
113,28,69.089,1.843,290.0,153.0
113,33,47.088,3.619,117.5,733.0
113,36,50.805,10.631,762.0,581.0
113,37,50.414,11.323,823.5,585.0
113,39,56.787,1.183,115.0,366.0
113,40,50.242,9.021,629.0,595.0
114,1,72.747,2.240,330.5,115.0
114,28,69.358,1.850,290.0,153.0
114,32,65.366,1.663,246.0,207.0
114,33,47.437,3.672,119.0,737.0
114,36,51.769,10.412,735.0,538.0
114,37,50.559,11.070,797.0,616.0
114,39,56.741,1.190,108.0,375.0
114,40,50.542,8.878,618.5,597.0
115,1,72.993,2.232,328.5,115.0
115,28,69.640,1.884,290.0,153.0
115,32,65.345,1.641,240.5,212.0
115,33,47.679,3.804,123.0,746.0
115,36,52.324,10.271,727.5,547.0
115,37,50.803,10.926,791.0,615.0
115,38,53.841,8.272,567.0,483.0
115,39,56.820,1.223,103.5,380.0
115,40,51.309,8.894,624.0,571.0
116,1,73.121,2.233,328.5,115.0
116,21,50.522,5.803,344.0,622.0
116,28,69.812,1.908,290.0,153.0
116,30,80.489,2.522,381.5,46.0
116,32,65.207,1.644,236.0,218.0
116,36,52.708,10.188,723.5,550.0
116,37,51.106,10.853,788.0,615.0
116,38,54.201,8.139,562.0,491.0
116,39,56.805,1.256,96.0,390.0
116,40,51.976,8.884,618.5,566.0
117,1,73.492,2.267,326.0,115.0
117,28,70.196,1.974,290.0,153.0
117,32,65.309,1.679,232.0,222.0
117,36,53.177,10.110,712.5,544.0
117,37,51.610,10.797,778.5,605.0
117,38,54.717,8.016,549.5,483.0
117,39,56.891,1.267,88.0,398.0
117,40,52.457,8.828,607.5,569.0
118,1,73.887,2.251,322.5,115.0
118,21,51.138,5.828,344.0,622.0
118,28,70.585,2.006,289.0,153.0
118,32,65.343,1.710,228.0,228.0
118,36,53.301,10.634,784.5,559.0
118,37,52.262,10.382,720.5,583.0
118,38,54.945,7.957,545.5,489.0
118,39,56.867,1.245,77.5,408.0
118,40,52.734,8.780,603.5,571.0
119,1,74.377,2.312,326.0,115.0
119,28,71.080,2.041,289.0,153.0
119,32,65.278,1.728,218.0,240.0
119,36,53.873,10.069,670.5,548.0
119,37,52.702,10.231,728.0,605.0
119,38,55.302,7.788,523.0,496.0
119,39,56.790,1.270,63.0,430.0
119,40,53.075,8.600,579.0,583.0
120,1,74.833,2.379,328.0,115.0
120,28,71.437,2.084,289.5,155.0
120,32,65.271,1.731,213.0,246.0
120,37,52.994,9.908,689.0,611.0
120,38,54.847,7.766,523.0,544.0
120,39,56.786,1.268,53.0,440.0
120,40,54.074,8.505,578.0,543.0
121,1,75.038,2.410,328.0,115.0
121,28,71.585,2.100,289.5,155.0
121,32,65.285,1.727,213.0,246.0
121,37,53.077,9.769,689.0,611.0
121,38,54.558,7.775,523.0,544.0
121,39,56.794,1.260,53.0,440.0
121,40,54.542,8.472,578.0,543.0
122,1,75.245,2.440,328.0,115.0
122,28,71.783,2.125,289.5,155.0
122,32,65.285,1.739,208.0,252.0
122,37,53.399,9.629,673.0,604.0
122,38,54.000,7.886,530.0,586.0
122,39,56.757,1.273,41.5,454.0
123,1,75.480,2.471,328.0,115.0
123,9,51.253,3.950,130.0,704.0
123,28,72.029,2.154,289.5,155.0
123,32,65.213,1.764,203.0,260.0
123,37,53.981,9.505,660.5,589.0
123,38,53.815,7.808,509.0,595.0
123,39,56.763,1.293,34.5,464.0
124,1,75.826,2.473,328.0,113.0
124,9,51.589,3.954,129.5,692.0
124,28,72.264,2.175,289.5,155.0
124,30,81.067,2.693,365.5,64.0
124,32,65.206,1.781,200.0,263.0
124,36,56.024,8.992,611.0,526.0
124,37,54.424,9.536,668.0,591.0
124,38,54.079,7.672,494.5,586.0
124,39,56.643,1.334,25.5,478.0
125,1,76.180,2.458,328.0,113.0
125,9,52.009,3.964,130.0,692.0
125,28,72.565,2.174,289.5,155.0
125,32,65.261,1.762,194.5,268.0
125,36,56.257,8.856,603.5,535.0
125,37,54.674,9.536,662.0,602.0
125,39,56.641,1.393,23.0,488.0
125,40,56.014,7.543,490.0,537.0
126,1,76.534,2.461,328.0,113.0
126,9,52.484,3.966,130.0,688.0
126,28,72.900,2.184,289.5,155.0
126,30,81.154,2.622,361.0,68.0
126,32,65.250,1.756,188.5,276.0
126,36,57.210,8.713,590.5,497.0
126,37,55.014,9.478,651.5,599.0
126,39,56.728,1.427,16.5,496.0
126,40,56.257,7.263,467.0,541.0
127,1,76.750,2.500,328.0,115.0
127,9,52.818,3.979,132.0,686.0
127,28,73.222,2.201,289.0,155.0
127,29,58.110,6.449,417.5,479.0
127,30,81.091,2.620,358.0,72.0
127,32,65.248,1.752,183.5,281.0
127,36,57.154,8.625,583.5,535.0
127,37,55.097,9.420,646.5,613.0
127,39,56.696,1.477,11.5,508.0
127,40,56.325,7.243,476.0,552.0
128,1,77.011,2.559,328.0,115.0
128,9,53.409,3.916,130.0,665.0
128,21,54.713,6.020,344.0,622.0
128,28,73.503,2.251,289.0,156.0
128,29,58.335,6.361,397.5,485.0
128,30,81.110,2.655,356.0,74.0
128,32,65.205,1.762,177.0,289.0
128,36,57.309,8.568,577.5,532.0
128,37,55.344,9.364,640.5,611.0
128,40,56.489,7.130,455.5,554.0
129,1,77.395,2.571,328.0,115.0
129,21,55.078,6.036,344.0,622.0
129,28,73.687,2.292,289.0,160.0
129,29,58.887,6.152,384.0,472.0
129,30,81.161,2.646,353.0,78.0
129,32,65.151,1.760,171.0,298.0
129,33,52.842,4.158,130.0,724.0
129,36,57.624,8.472,565.5,529.0
129,37,56.389,9.271,628.5,563.0
129,40,56.647,7.017,443.0,562.0
130,1,77.754,2.585,328.0,115.0
130,21,55.453,6.041,343.0,622.0
130,28,73.623,2.377,289.0,167.0
130,30,81.110,2.651,350.5,82.0
130,32,65.105,1.754,164.0,306.0
130,33,53.283,4.154,130.0,717.0
130,36,57.863,8.927,628.0,540.0
130,37,56.834,8.788,568.0,579.0
130,40,56.997,6.835,424.0,557.0
131,28,73.571,2.294,361.0,130.0
131,30,81.190,2.642,433.5,44.0
131,32,65.174,1.765,247.0,266.0
131,36,57.418,9.214,703.5,545.0
131,37,56.935,8.543,637.5,552.0
131,39,56.659,1.332,45.0,506.0
131,40,56.664,6.856,501.0,557.0
132,28,73.369,2.298,448.0,141.0
132,30,81.155,2.048,482.5,51.0
132,32,65.144,1.806,330.0,274.0
132,36,57.043,9.357,777.0,568.0
132,37,56.841,8.460,709.0,571.0
132,39,56.667,1.316,123.5,506.0
132,40,56.449,6.930,577.0,569.0
134,28,71.238,2.155,534.0,275.0
134,32,64.523,2.017,433.0,416.0
134,33,52.142,5.143,626.0,719.0
134,38,50.959,6.077,819.0,749.0
134,39,57.117,1.239,215.0,644.0
135,32,65.151,1.810,446.0,424.0
135,33,51.999,5.292,660.5,735.0
135,38,50.736,6.017,838.0,783.0
135,39,57.198,1.235,237.5,664.0
136,28,70.044,2.218,597.5,316.0
136,32,65.225,1.781,470.0,443.0
136,33,52.027,5.282,654.5,750.0
136,38,50.781,6.003,851.5,791.0
136,39,57.271,1.232,250.0,676.0
136,41,52.305,3.692,391.5,792.0
136,42,51.846,4.479,504.5,792.0
137,28,70.043,2.217,613.0,326.0
137,29,65.680,6.861,1303.5,78.0
137,32,65.291,1.766,483.5,454.0
137,33,52.017,5.346,694.5,763.0
137,38,50.992,5.994,855.0,792.0
137,39,57.316,1.195,252.5,688.0
137,41,53.344,4.254,568.0,716.0
137,42,52.355,4.083,441.5,792.0
138,28,70.117,2.209,622.0,334.0
138,29,66.192,6.881,1314.5,86.0
138,32,65.255,1.775,490.0,462.0
138,33,52.155,5.168,631.5,769.0
138,38,51.163,6.002,859.0,792.0
138,39,57.335,1.182,254.0,692.0
138,41,52.862,4.351,492.5,792.0
138,42,52.763,3.649,388.0,792.0
139,9,52.415,4.848,599.5,777.0
139,28,70.221,2.202,627.0,338.0
139,32,65.211,1.783,492.0,467.0
139,33,52.052,5.343,724.5,776.0
139,38,51.325,6.004,859.0,792.0
139,39,57.313,1.195,252.5,698.0
139,41,52.653,4.376,495.5,792.0
139,42,52.999,3.479,390.0,792.0
139,43,68.081,6.412,1237.5,88.0
140,9,52.239,4.933,603.0,784.0
140,28,70.348,2.194,628.0,337.0
140,29,66.499,6.830,1323.0,89.0
140,32,65.138,1.809,492.0,468.0
140,33,52.411,5.405,726.5,742.0
140,38,51.431,6.008,854.5,792.0
140,39,57.310,1.205,247.0,699.0
140,41,52.573,4.350,486.0,792.0
140,42,53.110,3.421,381.0,792.0
140,43,68.129,6.390,1242.5,88.0
141,9,52.273,4.889,578.5,781.0
141,28,70.417,2.189,627.5,334.0
141,29,66.512,6.789,1325.5,84.0
141,32,65.126,1.816,489.0,465.0
141,33,52.170,5.459,710.5,782.0
141,38,51.479,6.008,849.0,792.0
141,39,57.281,1.219,239.5,699.0
141,41,52.561,4.279,468.5,792.0
141,42,53.132,3.412,370.0,792.0
141,43,68.251,6.369,1245.0,82.0
142,28,70.465,2.193,627.0,318.0
142,29,66.618,6.716,1315.5,72.0
142,32,65.167,1.819,483.5,449.0
142,33,52.038,5.390,661.5,777.0
142,38,51.408,6.017,837.5,792.0
142,39,57.221,1.252,224.0,688.0
142,41,52.366,4.370,478.0,792.0
142,42,52.970,3.443,344.5,792.0
142,43,68.318,6.318,1239.0,72.0
143,28,70.279,2.223,626.5,310.0
143,32,65.282,1.790,480.0,436.0
143,33,51.995,5.356,661.5,765.0
143,38,51.268,6.053,843.5,792.0
143,39,57.254,1.238,216.0,676.0
143,41,52.165,4.415,464.0,792.0
143,42,52.745,3.473,329.5,792.0
143,43,68.709,6.220,1223.0,58.0
144,9,51.963,5.138,608.5,763.0
144,32,64.931,1.868,477.5,430.0
144,38,51.136,5.995,794.0,792.0
144,39,57.241,1.246,207.0,663.0
144,41,51.925,4.457,451.5,792.0
144,42,52.450,3.525,314.0,792.0
145,9,51.925,5.178,608.5,763.0
145,32,64.739,1.911,477.5,430.0
145,38,51.076,5.963,794.0,792.0
145,39,57.225,1.255,207.0,663.0
145,41,51.818,4.475,451.5,792.0
145,42,52.305,3.557,314.0,792.0
146,9,51.983,5.179,600.5,743.0
146,32,64.649,1.935,474.0,413.0
146,38,50.939,5.969,788.5,792.0
146,39,57.237,1.253,199.0,647.0
146,41,51.584,4.600,467.0,792.0
146,42,52.009,3.730,328.0,792.0
147,32,64.571,1.961,470.0,394.0
147,33,51.844,5.219,598.0,737.0
147,38,50.733,6.013,790.5,792.0
147,39,56.961,1.377,194.0,638.0
147,41,51.299,4.699,455.5,792.0
147,42,51.665,3.864,313.5,792.0
148,32,64.533,1.981,492.0,391.0
148,33,51.838,5.207,637.0,730.0
148,37,58.738,6.739,1275.5,254.0
148,38,50.621,6.029,822.5,787.0
148,39,56.869,1.406,223.5,632.0
148,41,51.084,4.779,503.5,792.0
148,42,51.410,3.974,362.0,792.0
149,9,51.565,4.609,443.5,792.0
149,32,64.620,1.969,497.0,390.0
149,33,51.838,5.197,619.0,749.0
149,37,58.960,6.663,1275.5,253.0
149,38,50.738,6.025,816.5,792.0
149,39,56.810,1.429,208.0,641.0
149,42,51.619,3.792,297.0,792.0
150,9,51.707,4.310,375.0,792.0
150,32,64.729,1.943,476.5,400.0
150,33,51.775,5.197,588.0,768.0
150,37,59.098,6.662,1275.5,254.0
150,38,50.907,6.025,798.5,792.0
150,39,56.848,1.403,181.0,652.0
150,42,51.994,3.506,242.0,792.0
151,9,51.936,4.159,350.0,792.0
151,32,64.794,1.930,458.5,408.0
151,33,51.830,5.186,563.5,772.0
151,37,59.378,6.640,1250.5,252.0
151,38,51.107,5.996,767.0,792.0
151,39,56.846,1.407,156.0,664.0
151,42,52.367,3.340,220.5,792.0
152,9,52.260,4.048,322.5,792.0
152,21,59.280,6.760,1275.5,254.0
152,32,64.730,1.947,442.5,419.0
152,33,51.860,5.182,543.0,787.0
152,38,51.325,5.958,746.0,792.0
152,39,56.833,1.417,132.0,678.0
152,42,52.771,3.205,195.5,792.0
153,9,52.555,4.033,315.5,792.0
153,21,59.382,6.784,1275.5,253.0
153,32,64.750,1.941,427.0,426.0
153,33,51.957,5.173,525.5,792.0
153,38,51.535,5.926,729.0,792.0
153,39,56.858,1.402,108.5,689.0
153,42,53.095,3.187,191.0,792.0
154,9,52.914,3.898,267.0,792.0
154,21,59.472,6.800,1275.5,253.0
154,32,64.735,1.942,413.0,434.0
154,33,52.132,5.151,509.5,792.0
154,38,51.720,5.908,718.0,792.0
154,39,56.855,1.405,87.0,701.0
155,21,59.566,6.810,1275.5,253.0
155,32,64.714,1.975,407.5,438.0
155,33,52.343,5.119,492.5,791.0
155,38,51.863,5.925,721.0,792.0
155,39,56.815,1.432,67.5,712.0
156,9,53.290,4.004,283.0,792.0
156,21,59.637,6.818,1275.5,254.0
156,32,64.771,1.971,396.0,443.0
156,33,52.533,5.101,482.0,792.0
156,38,52.019,5.908,698.0,792.0
156,39,56.812,1.438,49.0,721.0
156,40,54.917,5.580,729.5,612.0
156,42,53.706,3.399,188.5,792.0
157,9,53.521,3.929,243.0,792.0
157,21,59.699,6.824,1275.5,254.0
157,32,64.798,1.966,386.0,448.0
157,33,52.700,5.082,471.0,792.0
157,38,52.154,5.893,689.0,792.0
157,39,56.857,1.449,38.5,725.0
157,40,55.099,5.542,723.5,604.0
157,42,53.986,3.271,143.0,792.0
158,9,53.664,3.960,253.0,792.0
158,21,59.753,6.826,1275.5,254.0
158,32,64.751,1.966,376.0,454.0
158,33,52.872,5.043,452.5,792.0
158,38,52.287,5.871,675.5,792.0
158,39,56.827,1.519,30.5,733.0
158,40,55.171,5.579,733.0,607.0
158,42,54.134,3.310,157.0,792.0
159,9,53.812,3.944,235.0,792.0
159,21,59.817,6.824,1275.5,254.0
159,28,70.034,2.330,559.5,308.0
159,32,64.773,1.963,368.0,456.0
159,33,53.018,5.013,440.5,792.0
159,38,52.407,5.850,664.0,792.0
159,39,56.740,1.625,22.5,740.0
159,40,55.192,5.629,736.5,610.0
159,42,54.296,3.289,138.0,792.0
160,9,54.089,3.760,186.0,792.0
160,21,59.877,6.817,1275.5,254.0
160,28,70.006,2.335,556.0,311.0
160,32,64.817,1.956,361.5,459.0
160,33,53.168,4.974,426.0,792.0
160,38,52.527,5.824,651.5,792.0
160,39,56.962,1.617,15.5,734.0
160,40,55.221,5.661,736.5,612.0
161,21,59.921,6.812,1275.5,254.0
161,28,70.032,2.336,554.0,311.0
161,32,64.816,1.953,354.5,462.0
161,33,53.307,4.930,410.5,792.0
161,40,55.235,5.682,734.5,615.0
162,21,59.988,6.797,1275.5,254.0
162,28,69.933,2.356,553.0,314.0
162,32,64.819,1.955,350.0,464.0
162,33,53.415,4.914,407.0,792.0
162,40,55.257,5.685,730.0,618.0
163,21,60.035,6.781,1275.5,254.0
163,28,69.926,2.361,553.0,313.0
163,29,68.505,6.110,1222.0,61.0
163,32,64.863,1.947,346.0,464.0
163,33,53.543,4.857,382.0,792.0
163,40,55.278,5.677,723.0,621.0
164,21,60.083,6.761,1275.5,254.0
164,28,69.893,2.367,553.0,313.0
164,32,64.800,1.973,344.0,466.0
164,33,53.650,4.812,370.0,792.0
164,40,55.254,5.673,718.0,627.0
165,21,60.127,6.741,1275.5,254.0
165,28,69.910,2.363,553.0,312.0
165,32,64.762,1.993,342.0,466.0
165,33,53.695,4.828,378.0,792.0
165,40,55.225,5.669,714.0,631.0
166,21,60.144,6.729,1275.5,254.0
166,28,69.982,2.349,554.5,310.0
166,29,68.338,6.052,1223.0,67.0
166,32,64.754,1.992,340.0,466.0
166,33,53.765,4.799,360.0,792.0
166,40,55.248,5.665,714.0,629.0
167,21,60.197,6.708,1275.5,253.0
167,32,64.770,1.984,337.0,465.0
167,33,53.805,4.798,360.0,792.0
167,40,55.267,5.660,711.0,631.0
168,21,60.252,6.679,1275.5,253.0
168,32,64.745,1.993,337.0,465.0
168,33,53.845,4.790,353.5,792.0
168,40,55.254,5.667,713.5,634.0
169,21,60.277,6.655,1275.5,253.0
169,32,64.684,2.019,337.0,464.0
169,33,53.899,4.770,341.0,792.0
169,40,55.119,5.701,717.0,645.0
170,21,60.287,6.637,1275.5,253.0
170,32,64.694,2.016,337.0,461.0
170,33,53.953,4.743,331.0,792.0
170,40,55.139,5.711,720.0,637.0
171,21,60.301,6.614,1275.5,253.0
171,32,64.713,2.019,337.0,459.0
171,33,54.002,4.715,322.5,792.0
171,40,55.148,5.722,724.0,638.0
172,21,60.317,6.589,1275.5,253.0
172,32,64.685,2.021,337.0,459.0
172,33,54.044,4.684,313.0,792.0
172,40,55.157,5.736,729.5,638.0
173,21,60.360,6.557,1275.5,253.0
173,32,64.727,2.013,337.0,456.0
173,33,54.054,4.680,310.0,792.0
173,40,55.161,5.750,732.5,638.0
174,21,60.392,6.538,1275.5,253.0
174,32,64.740,2.001,336.0,456.0
174,33,54.087,4.688,311.5,792.0
174,40,55.159,5.754,732.0,641.0
175,21,60.388,6.517,1275.5,253.0
175,32,64.772,1.987,337.0,454.0
175,33,54.133,4.663,296.5,792.0
175,40,55.075,5.759,725.0,651.0
176,21,60.409,6.495,1275.5,253.0
176,32,64.792,1.979,337.0,452.0
176,33,54.156,4.660,295.5,792.0
176,40,55.046,5.748,718.0,652.0
177,21,60.572,6.419,1250.0,253.0
177,32,64.725,2.005,340.0,452.0
177,33,54.203,4.624,281.0,792.0
177,37,63.410,6.223,1275.5,160.0
177,40,55.051,5.729,713.0,653.0
178,21,60.697,6.347,1250.0,252.0
178,32,64.789,1.989,342.0,446.0
178,33,54.224,4.645,288.0,792.0
178,40,55.087,5.711,711.0,653.0
179,21,60.759,6.303,1250.0,252.0
179,32,64.811,1.977,340.5,444.0
179,33,54.288,4.595,259.5,792.0
179,40,55.151,5.695,709.5,650.0
180,21,60.783,6.286,1250.0,252.0
180,32,64.793,1.985,342.5,444.0
180,33,54.315,4.567,259.0,792.0
180,40,55.182,5.687,709.5,650.0
181,21,60.765,6.275,1250.0,254.0
181,32,64.806,1.984,343.0,442.0
181,33,54.318,4.595,270.5,792.0
181,40,55.175,5.685,707.0,654.0
182,21,60.764,6.255,1250.0,254.0
182,32,64.805,1.984,344.0,440.0
182,33,54.371,4.543,240.0,792.0
182,37,63.489,6.067,1275.5,162.0
182,40,55.175,5.686,708.0,654.0
183,21,60.772,6.233,1250.0,254.0
183,32,64.814,1.986,346.0,438.0
183,33,54.417,4.499,230.5,792.0
183,40,55.183,5.695,713.0,653.0
184,21,60.797,6.215,1250.0,254.0
184,32,64.739,2.008,346.0,438.0
184,33,54.464,4.466,220.5,792.0
184,40,55.205,5.707,719.5,651.0
185,21,60.815,6.197,1250.0,254.0
185,32,64.752,2.010,348.0,434.0
185,33,54.524,4.427,206.5,792.0
185,40,55.215,5.732,731.5,650.0
186,21,60.829,6.176,1250.0,254.0
186,29,66.346,5.806,1317.0,83.0
186,32,64.753,2.008,349.0,432.0
186,33,54.543,4.415,205.5,792.0
186,40,55.212,5.755,739.0,650.0
187,21,60.841,6.152,1250.0,254.0
187,28,67.907,5.377,1247.0,77.0
187,32,64.780,2.000,350.0,430.0
187,33,54.558,4.418,202.5,792.0
187,40,55.211,5.776,746.0,650.0
188,21,60.874,6.128,1250.0,254.0
188,32,64.778,2.000,349.5,430.0
188,33,54.660,4.341,169.5,792.0
188,40,55.232,5.786,749.0,650.0
189,21,60.899,6.106,1250.0,254.0
189,32,64.760,2.007,348.5,429.0
189,33,54.742,4.264,150.5,792.0
189,40,55.246,5.792,750.0,651.0
190,21,60.917,6.089,1250.5,254.0
190,32,64.722,2.020,346.0,428.0
190,33,54.807,4.209,134.5,792.0
190,40,55.261,5.795,748.5,652.0
191,21,60.933,6.072,1250.5,254.0
191,32,64.748,2.011,342.0,427.0
191,33,54.875,4.186,129.0,792.0
191,40,55.279,5.795,746.0,654.0
192,21,60.948,6.056,1251.0,254.0
192,32,64.767,2.006,339.0,426.0
192,33,54.924,4.179,120.5,792.0
192,40,55.302,5.794,744.5,655.0
193,21,60.952,6.045,1252.0,254.0
193,32,64.740,2.017,337.0,426.0
193,33,54.957,4.200,119.0,792.0
193,40,55.307,5.801,744.5,657.0
194,21,60.970,6.023,1251.0,254.0
194,32,64.704,2.031,333.0,424.0
194,33,54.991,4.237,112.0,792.0
194,40,55.313,5.811,743.0,660.0
195,21,60.966,6.008,1250.5,254.0
195,32,64.745,2.014,329.0,422.0
195,33,54.916,4.427,178.0,792.0
195,40,55.339,5.813,742.5,660.0
196,21,60.968,6.003,1250.5,254.0
196,32,64.761,2.007,329.0,422.0
196,33,54.979,4.360,112.5,792.0
196,40,55.348,5.812,742.5,660.0
197,21,60.968,5.994,1250.5,254.0
197,32,64.743,2.015,327.0,421.0
197,33,55.003,4.346,119.0,792.0
197,40,55.348,5.816,742.0,662.0
198,21,60.978,5.984,1251.0,254.0
198,32,64.778,2.000,323.0,418.0
198,33,55.071,4.283,88.5,792.0
198,40,55.345,5.822,741.5,664.0
199,21,60.989,5.964,1250.0,254.0
199,32,64.756,2.013,324.0,418.0
199,33,55.062,4.349,123.0,792.0
199,40,55.348,5.829,741.5,666.0
200,21,60.982,5.950,1250.0,254.0
200,32,64.703,2.037,323.0,416.0
200,33,55.095,4.343,98.0,792.0
200,40,55.342,5.838,742.5,668.0
201,21,60.993,5.929,1249.0,254.0
201,32,64.723,2.024,319.0,414.0
201,33,55.145,4.310,78.5,792.0
201,40,55.336,5.850,744.5,670.0
202,21,60.998,5.911,1250.0,254.0
202,32,64.698,2.029,319.0,412.0
202,33,55.171,4.298,73.5,792.0
202,40,55.329,5.861,746.5,672.0
203,21,61.003,5.891,1250.0,254.0
203,32,64.766,2.005,318.0,408.0
203,33,55.191,4.295,69.0,792.0
203,40,55.323,5.869,747.5,674.0
204,21,61.026,5.873,1250.0,254.0
204,32,64.677,2.047,322.0,408.0
204,40,55.324,5.875,750.0,675.0
205,21,61.036,5.853,1250.0,254.0
205,32,64.658,2.059,322.0,405.0
205,40,55.311,5.885,751.0,678.0
206,21,61.027,5.839,1251.0,254.0
206,32,64.714,2.039,322.0,401.0
206,40,55.321,5.888,752.0,678.0
207,21,61.046,5.814,1250.0,254.0
207,32,64.722,2.042,323.5,398.0
207,40,55.323,5.891,752.5,680.0
208,21,61.061,5.790,1250.0,254.0
208,32,64.755,2.031,325.0,395.0
208,40,55.324,5.894,753.5,682.0
209,21,61.071,5.766,1249.0,254.0
209,32,64.744,2.038,326.5,392.0
209,40,55.317,5.899,754.5,684.0
210,21,61.097,5.738,1250.0,254.0
210,32,64.697,2.056,328.0,390.0
210,40,55.325,5.895,751.0,686.0
211,21,61.106,5.715,1250.0,254.0
211,32,64.698,2.059,330.0,386.0
211,40,55.342,5.887,749.5,686.0
212,21,61.120,5.691,1250.0,254.0
212,32,64.739,2.047,333.0,382.0
212,40,55.370,5.877,747.5,686.0
213,21,61.144,5.666,1249.5,254.0
213,32,64.737,2.047,334.0,380.0
213,40,55.409,5.865,745.0,685.0
214,21,61.148,5.646,1249.0,254.0
214,32,64.706,2.057,335.5,378.0
214,40,55.446,5.857,746.0,684.0
215,21,61.147,5.634,1249.0,254.0
215,32,64.708,2.051,338.0,375.0
215,40,55.479,5.847,742.0,684.0
216,21,61.155,5.616,1250.0,254.0
216,32,64.676,2.065,340.0,372.0
216,40,55.506,5.836,738.0,684.0
217,21,61.177,5.593,1249.0,254.0
217,32,64.646,2.074,341.0,370.0
217,40,55.532,5.817,726.5,686.0
218,21,61.201,5.567,1249.0,254.0
218,32,64.640,2.079,344.0,366.0
218,40,55.566,5.793,716.0,686.0
219,21,61.231,5.542,1250.0,254.0
219,32,64.638,2.081,346.0,364.0
219,40,55.591,5.776,711.0,688.0
220,21,61.246,5.521,1250.0,254.0
220,32,64.643,2.084,349.0,360.0
220,40,55.601,5.772,711.0,690.0
221,21,61.272,5.497,1250.0,254.0
221,32,64.695,2.067,350.0,356.0
221,40,55.591,5.782,716.0,694.0
221,44,78.213,-1.441,499.0,159.0
222,21,61.276,5.473,1250.0,254.0
222,32,64.675,2.077,354.0,352.0
222,40,55.581,5.790,715.5,696.0
222,44,77.565,-1.304,499.0,160.0
223,21,61.282,5.453,1250.0,254.0
223,32,64.637,2.086,355.0,350.0
223,40,55.562,5.797,713.5,700.0
224,21,61.293,5.421,1250.0,254.0
224,32,64.619,2.095,363.5,342.0
224,40,55.532,5.797,702.0,708.0
225,21,61.294,5.392,1250.0,254.0
225,40,55.516,5.793,698.0,710.0
225,44,76.049,-1.010,498.5,159.0
226,21,61.304,5.379,1250.0,254.0
226,40,55.509,5.791,698.0,710.0
226,44,75.877,-0.973,498.5,159.0
227,21,61.308,5.362,1250.0,254.0
227,40,55.497,5.789,693.0,714.0
227,44,75.590,-0.920,498.5,159.0
228,21,61.313,5.342,1250.0,254.0
228,32,64.619,2.098,377.0,328.0
228,40,55.472,5.790,687.5,720.0
228,44,75.179,-0.822,501.5,159.0
229,21,61.321,5.318,1250.0,254.0
229,40,55.448,5.790,681.0,724.0
229,44,74.812,-0.755,499.0,159.0
230,21,61.321,5.293,1250.0,254.0
230,32,64.476,2.220,409.0,318.0
230,40,55.429,5.786,673.0,728.0
231,21,61.338,5.252,1250.0,254.0
231,32,64.463,2.232,413.0,310.0
231,40,55.378,5.788,659.0,740.0
232,21,61.367,5.220,1250.0,254.0
232,32,64.475,2.225,417.0,305.0
232,40,55.345,5.790,656.0,744.0
233,21,61.379,5.209,1250.0,254.0
233,32,64.486,2.217,417.0,305.0
233,40,55.334,5.791,656.0,744.0
234,21,61.403,5.200,1250.0,254.0
234,32,64.687,2.109,408.0,299.0
234,40,55.336,5.786,649.0,746.0
234,44,73.554,-0.561,499.0,159.0
235,21,61.375,5.186,1250.0,254.0
235,32,64.693,2.085,412.5,295.0
235,40,55.343,5.781,645.5,747.0
235,44,72.831,-0.362,500.0,159.0
236,21,61.358,5.168,1250.0,254.0
236,32,64.679,2.079,416.5,290.0
236,40,55.356,5.774,640.5,748.0
236,44,72.201,-0.177,503.0,159.0
237,21,61.369,5.143,1250.0,254.0
237,32,64.739,2.060,423.5,284.0
237,40,55.356,5.770,635.0,750.0
238,21,61.386,5.116,1250.0,254.0
238,32,64.741,2.052,425.5,280.0
238,40,55.358,5.763,628.0,752.0
239,21,61.383,5.092,1250.0,254.0
239,32,64.739,2.037,425.5,274.0
239,40,55.354,5.758,620.5,754.0
240,21,61.395,5.066,1250.0,254.0
240,32,64.815,1.987,425.5,268.0
240,40,55.350,5.752,614.0,756.0
241,21,61.412,5.041,1250.0,254.0
241,32,64.975,1.867,412.5,262.0
241,40,55.350,5.745,606.5,758.0
242,21,61.437,5.012,1250.0,254.0
242,32,64.997,1.811,411.0,260.0
242,40,55.344,5.745,605.5,760.0
243,21,61.442,4.987,1250.0,254.0
243,32,65.121,1.737,412.5,253.0
243,40,55.351,5.747,606.0,760.0
243,45,64.639,2.234,499.0,250.0
243,46,74.641,-2.660,290.5,154.0
244,21,61.439,4.964,1249.5,254.0
244,32,65.208,1.688,413.5,247.0
244,40,55.353,5.750,605.0,760.0
244,45,64.644,2.219,500.0,246.0
244,46,74.004,-2.435,290.5,154.0
245,21,61.426,4.946,1249.5,254.0
245,32,65.256,1.669,424.0,238.0
245,40,55.363,5.749,604.0,760.0
245,45,64.635,2.167,487.5,242.0
245,46,73.112,-2.120,290.5,154.0
246,21,61.434,4.921,1249.0,254.0
246,32,65.481,1.567,424.0,227.0
246,40,55.379,5.746,603.0,760.0
246,45,64.512,2.183,493.0,242.0
246,46,72.513,-1.931,290.0,153.0
247,21,61.433,4.898,1249.0,254.0
247,32,65.412,1.567,424.0,227.0
247,40,55.382,5.748,603.0,762.0
247,45,64.293,2.249,499.0,242.0
247,46,71.893,-1.732,290.0,153.0
248,21,61.458,4.869,1249.0,253.0
248,32,64.915,1.704,411.5,239.0
248,40,55.389,5.747,601.5,762.0
248,45,64.079,2.307,498.0,242.0
248,46,71.309,-1.544,290.0,153.0
249,21,61.470,4.843,1249.0,254.0
249,40,55.392,5.748,601.0,763.0
249,45,63.988,2.229,456.5,242.0
250,21,61.462,4.817,1249.0,254.0
250,40,55.388,5.737,579.5,764.0
250,47,73.558,-2.404,328.0,113.0
251,21,61.471,4.790,1249.0,254.0
251,40,55.404,5.744,601.0,765.0
251,45,63.763,2.204,456.5,239.0
251,47,72.987,-2.239,328.0,113.0
252,21,61.486,4.764,1250.0,254.0
252,40,55.409,5.749,599.5,766.0
252,45,63.556,2.253,457.0,240.0
